,Germany,Greece,Italy,Japan,"Korea, South",Spain,Day
2020-01-22,0,0,0,2,1,0,1
2020-01-23,0,0,0,2,1,0,2
2020-01-24,0,0,0,2,2,0,3
2020-01-25,0,0,0,2,2,0,4
2020-01-26,0,0,0,4,3,0,5
2020-01-27,1,0,0,4,4,0,6
2020-01-28,4,0,0,7,4,0,7
2020-01-29,4,0,0,7,4,0,8
2020-01-30,4,0,0,11,4,0,9
2020-01-31,5,0,2,15,11,0,10
2020-02-01,8,0,2,20,12,1,11
2020-02-02,10,0,2,20,15,1,12
2020-02-03,12,0,2,20,15,1,13
2020-02-04,12,0,2,22,16,1,14
2020-02-05,12,0,2,23,19,1,15
2020-02-06,12,0,2,23,23,1,16
2020-02-07,13,0,3,23,24,1,17
2020-02-08,13,0,3,24,24,1,18
2020-02-09,14,0,3,24,25,2,19
2020-02-10,14,0,3,26,27,2,20
2020-02-11,16,0,3,27,28,2,21
2020-02-12,16,0,3,28,28,2,22
2020-02-13,16,0,3,33,28,2,23
2020-02-14,16,0,3,43,28,2,24
2020-02-15,16,0,3,54,28,2,25
2020-02-16,16,0,3,60,29,2,26
2020-02-17,16,0,3,67,30,2,27
2020-02-18,16,0,3,79,31,2,28
2020-02-19,16,0,3,85,31,2,29
2020-02-20,16,0,3,95,104,2,30
2020-02-21,16,0,20,112,204,2,31
2020-02-22,16,0,62,137,433,2,32
2020-02-23,16,0,155,149,602,2,33
2020-02-24,16,0,229,160,833,2,34
2020-02-25,16,0,322,173,977,6,35
2020-02-26,21,1,453,192,1261,13,36
2020-02-27,26,3,655,218,1766,15,37
2020-02-28,53,4,888,236,2337,32,38
2020-02-29,66,4,1128,245,3150,45,39
2020-03-01,117,7,1694,259,3736,84,40
2020-03-02,150,7,2036,278,4335,120,41
2020-03-03,188,7,2502,298,5186,165,42
2020-03-04,262,9,3089,333,5621,222,43
2020-03-05,400,31,3858,365,6088,259,44
2020-03-06,639,45,4636,420,6593,400,45
2020-03-07,795,46,5883,466,7041,500,46
2020-03-08,902,73,7375,499,7314,673,47
2020-03-09,1139,73,9172,527,7478,1073,48
2020-03-10,1296,89,10149,585,7513,1695,49
2020-03-11,1567,99,12462,640,7755,2277,50
2020-03-12,2369,99,15113,696,7869,2277,51
2020-03-13,3062,190,17660,733,7979,5232,52
2020-03-14,3795,228,21157,795,8086,6391,53
2020-03-15,4838,331,24747,826,8162,7798,54
2020-03-16,6012,331,27980,843,8236,9942,55
2020-03-17,7156,387,31506,893,8320,11748,56
2020-03-18,8198,418,35713,928,8413,13910,57
2020-03-19,10999,418,41035,968,8565,17963,58
2020-03-20,13957,495,47021,1022,8652,20410,59
2020-03-21,16662,530,53578,1059,8799,25374,60
2020-03-22,18610,624,59138,1104,8961,28768,61
2020-03-23,22672,695,63927,1144,8961,35136,62
2020-03-24,27436,743,69176,1217,9037,39885,63
2020-03-25,31554,835,74386,1314,9137,49515,64
2020-03-26,36508,835,80589,1416,9241,57786,65
2020-03-27,42288,835,86498,1530,9332,65719,66
2020-03-28,48582,835,92472,1728,9478,73235,67
2020-03-29,52547,1156,97689,1907,9583,80110,68
2020-03-30,57298,1156,101739,2001,9661,87956,69
2020-03-31,61913,1156,105792,2255,9786,95923,70
2020-04-01,67366,1156,110574,2535,9887,104118,71
2020-04-02,73522,1156,115242,2818,9976,112065,72
2020-04-03,79696,1613,119827,3154,10062,119199,73
2020-04-04,85778,1673,124632,3525,10156,126168,74
2020-04-05,91714,1735,128948,3876,10237,131646,75
2020-04-06,95391,1755,132547,4110,10284,136675,76
2020-04-07,99225,1832,135586,4485,10331,141942,77
2020-04-08,103228,1884,139422,5020,10384,148220,78
2020-04-09,108202,1955,143626,5614,10423,153222,79
2020-04-10,113525,2009,147577,6250,10450,158273,80
2020-04-11,117658,2081,152271,6951,10480,163027,81
2020-04-12,120479,2081,156363,7473,10512,166831,82
2020-04-13,123016,2145,159516,7773,10537,170099,83
2020-04-14,125098,2170,162488,8277,10564,172541,84
2020-04-15,127584,2192,165155,8835,10591,177644,85
2020-04-16,130450,2207,168941,9398,10613,184948,86
2020-04-17,133830,2224,172434,9958,10635,190839,87
2020-04-18,137439,2235,175925,10548,10653,191726,88
2020-04-19,139897,2245,178972,10914,10661,198674,89
2020-04-20,141672,2245,181228,11258,10674,200210,90
2020-04-21,143457,2401,183957,11641,10683,204178,91
2020-04-22,145694,2408,187327,12037,10694,208389,92
2020-04-23,148046,2463,189973,12469,10708,213024,93
2020-04-24,150383,2490,192994,12854,10718,202990,94
2020-04-25,152438,2506,195351,13186,10728,205905,95
2020-04-26,154175,2517,197675,13405,10738,207634,96
2020-04-27,155193,2534,199414,13576,10752,209465,97
2020-04-28,156337,2566,201505,13860,10761,210773,98
2020-04-29,157641,2576,203591,14076,10765,212917,99
2020-04-30,159119,2591,205463,14284,10774,213435,100
2020-05-01,160758,2612,207428,14558,10780,215216,101
2020-05-02,161703,2620,209328,14861,10793,216582,102
2020-05-03,162496,2626,210717,15061,10801,217466,103
2020-05-04,163175,2632,211938,15229,10804,218011,104
2020-05-05,163860,2642,213013,15354,10806,219329,105
2020-05-06,164807,2663,214457,15455,10810,220325,106
2020-05-07,166091,2678,215858,15553,10822,221447,107
2020-05-08,167300,2691,217185,15640,10840,222857,108
2020-05-09,168551,2710,218268,15755,10874,223578,109
2020-05-10,169218,2716,219070,15824,10909,224350,110
2020-05-11,169575,2726,219814,15861,10936,227436,111
2020-05-12,170508,2744,221216,15948,10962,228030,112
2020-05-13,171306,2760,222104,15998,10991,228691,113
2020-05-14,172239,2770,223096,16096,11018,229540,114
2020-05-15,173152,2810,223885,16148,11037,230183,115
2020-05-16,173772,2819,224760,16202,11050,230698,116
2020-05-17,174355,2834,225435,16226,11065,230698,117
2020-05-18,174697,2836,225886,16259,11078,231606,118
2020-05-19,175210,2840,226699,16287,11110,232037,119
2020-05-20,176007,2850,227364,16321,11122,232555,120
2020-05-21,176752,2853,228006,16362,11142,233037,121
2020-05-22,177212,2873,228658,16385,11165,234824,122
2020-05-23,177850,2876,229327,16410,11190,235290,123
2020-05-24,178281,2878,229858,16451,11206,235772,124
2020-05-25,178570,2882,230158,16472,11225,235400,125
2020-05-26,179002,2889,230555,16502,11265,236259,126
2020-05-27,179364,2903,231139,16528,11344,236259,127
2020-05-28,179717,2906,231732,16588,11402,237906,128
2020-05-29,180458,2909,232248,16661,11441,238564,129
2020-05-30,181196,2915,232664,16706,11468,239228,130
2020-05-31,181482,2917,232997,16741,11503,239479,131
2020-06-01,181815,2918,233197,16778,11541,239638,132
2020-06-02,182028,2937,233515,16829,11590,239932,133
2020-06-03,182370,2952,233836,16858,11629,240326,134
2020-06-04,182764,2952,234013,16902,11668,240660,135
2020-06-05,183271,3049,234531,16949,11719,240978,136
2020-06-06,183678,3049,234801,16995,11776,241310,137
2020-06-07,183979,3049,234998,17033,11814,241550,138
2020-06-08,184193,3049,235278,17054,11852,241717,139
2020-06-09,184543,3058,235561,17099,11902,241966,140
2020-06-10,184861,3068,235763,17135,11947,242280,141
2020-06-11,185416,3088,236142,17179,12003,242707,142
2020-06-12,185674,3108,236305,17240,12051,243209,143
2020-06-13,186022,3112,236651,17285,12085,243605,144
2020-06-14,186269,3121,236989,17360,12121,243928,145
2020-06-15,186461,3134,237290,17432,12155,244109,146
2020-06-16,186839,3148,237500,17474,12198,244328,147
2020-06-17,187184,3203,237828,17520,12257,244683,148
2020-06-18,187764,3227,238159,17589,12306,245268,149
2020-06-19,188534,3237,238011,17650,12373,245575,150
2020-06-20,189135,3256,238275,17714,12421,245938,151
2020-06-21,189822,3266,238499,17769,12438,246272,152
2020-06-22,190359,3287,238720,17812,12484,246504,153
2020-06-23,190862,3302,238833,17869,12535,246752,154
2020-06-24,191449,3310,239410,17965,12563,247086,155
2020-06-25,192079,3321,239706,18047,12602,247486,156
2020-06-26,192556,3343,239961,18152,12653,247905,157
2020-06-27,193243,3366,240136,18244,12715,248469,158
2020-06-28,193499,3376,240310,18357,12757,248770,159
2020-06-29,193761,3390,240436,18467,12800,248970,160
2020-06-30,194259,3409,240578,18605,12850,249271,161
2020-07-01,194725,3432,240760,18732,12904,249659,162
2020-07-02,195228,3458,240961,18926,12967,250103,163
2020-07-03,195674,3486,241184,19176,13030,250545,164
2020-07-04,196096,3511,241419,19450,13091,250545,165
2020-07-05,196335,3519,241611,19658,13137,250545,166
2020-07-06,196554,3562,241819,19834,13181,251789,167
2020-07-07,196944,3589,241956,20042,13244,252130,168
2020-07-08,197341,3622,242149,20249,13293,252513,169
2020-07-09,197783,3672,242363,20604,13338,253056,170
2020-07-10,198178,3732,242639,21034,13373,253908,171
2020-07-11,198556,3772,242827,21420,13417,253908,172
2020-07-12,198804,3803,243061,21827,13479,253908,173
2020-07-13,198963,3826,243230,22086,13512,255953,174
2020-07-14,199375,3883,243344,22419,13551,256619,175
2020-07-15,199726,3910,243506,22869,13612,257494,176
2020-07-16,200260,3939,243736,23493,13672,258855,177
2020-07-17,200843,3964,243967,24090,13711,260255,178
2020-07-18,201372,3983,244216,24751,13745,260255,179
2020-07-19,201574,4007,244434,25262,13771,260255,180
2020-07-20,201823,4012,244624,25680,13816,264836,181
2020-07-21,202345,4048,244752,26312,13879,266194,182
2020-07-22,202799,4077,245032,27107,13938,267551,183
2020-07-23,203368,4110,245338,28088,13979,270166,184
2020-07-24,204183,4135,245590,28867,14092,272421,185
2020-07-25,204964,4166,245864,29668,14150,272421,186
2020-07-26,205269,4193,246118,30507,14175,272421,187
2020-07-27,205609,4227,246286,31107,14203,278782,188
2020-07-28,206242,4279,246488,32092,14251,280610,189
2020-07-29,206926,4336,246776,33362,14269,282641,190
2020-07-30,207828,4401,247158,34670,14305,285430,191
2020-07-31,208698,4477,247537,36256,14336,288522,192
2020-08-01,209653,4587,247832,37790,14366,288522,193
2020-08-02,209893,4662,248070,39121,14389,288522,194
2020-08-03,210402,4737,248229,40086,14423,297054,195
2020-08-04,211281,4855,248419,41332,14456,302814,196
2020-08-05,212022,4973,248803,42687,14499,305767,197
2020-08-06,213067,5123,249204,44172,14519,309855,198
2020-08-07,214214,5270,249756,45777,14562,314362,199
2020-08-08,215336,5421,250103,47348,14598,314362,200
2020-08-09,215891,5623,250566,48789,14626,314362,201
2020-08-10,216327,5749,250825,49627,14660,322980,202
2020-08-11,217293,5942,251237,50324,14714,326612,203
2020-08-12,218519,6177,251713,51303,14770,329784,204
2020-08-13,219964,6381,252235,52475,14873,337334,205
2020-08-14,221413,6632,252809,53831,15039,342813,206
2020-08-15,222828,6858,253438,55062,15318,342813,207
2020-08-16,223453,7075,253915,56079,15515,342813,208
2020-08-17,224014,7222,254235,56726,15761,359082,209
2020-08-18,225404,7472,254636,57642,16058,364196,210
2020-08-19,226914,7684,255278,58712,16346,370867,211
2020-08-20,228621,7934,256118,59890,16670,377906,212
2020-08-21,230048,8138,257065,60927,17002,386054,213
2020-08-22,232082,8381,258136,61911,17399,386054,214
2020-08-23,232864,8664,259345,62655,17665,386054,215
2020-08-24,233575,8819,260298,63148,17945,405436,216
2020-08-25,234853,8987,261174,63863,18265,412553,217
2020-08-26,236429,8987,262540,64766,18706,419849,218
2020-08-27,237936,9531,263949,65629,19077,429507,219
2020-08-28,239507,9800,265409,66505,19400,439286,220
2020-08-29,240986,9977,266853,67349,19699,439286,221
2020-08-30,241771,10134,268218,67949,19947,439286,222
2020-08-31,242381,10317,269214,68385,20182,462858,223
2020-09-01,243599,10524,270189,69018,20449,470973,224
2020-09-02,244855,10757,271515,69610,20644,479554,225
2020-09-03,246166,10998,272912,70267,20842,488513,226
2020-09-04,247619,11200,274644,70854,21010,498989,227
2020-09-05,248997,11386,276338,71452,21177,498989,228
2020-09-06,249985,11524,277634,71903,21296,498989,229
2020-09-07,250799,11663,278784,72194,21432,525549,230
2020-09-08,252298,11832,280153,72703,21588,534513,231
2020-09-09,253474,12080,281583,73211,21743,543379,232
2020-09-10,255366,12452,283180,73923,21919,554143,233
2020-09-11,256850,12734,284796,74565,22055,566326,234
2020-09-12,258480,13036,286297,75211,22176,566326,235
2020-09-13,259428,13240,287753,75650,22285,566326,236
2020-09-14,260355,13420,288761,75916,22391,593730,237
2020-09-15,261762,13730,289990,76447,22504,603167,238
2020-09-16,263663,14041,291442,76998,22657,614360,239
2020-09-17,265857,14400,293025,77487,22783,625651,240
2020-09-18,267773,14738,294932,78059,22893,640040,241
2020-09-19,270070,14978,296569,78655,22975,640040,242
2020-09-20,271415,15142,298156,79135,23045,640040,243
2020-09-21,272337,15595,299506,79445,23106,671468,244
2020-09-22,274158,15928,300897,79776,23216,682267,245
2020-09-23,275927,16286,302537,79995,23341,693556,246
2020-09-24,278070,16627,304323,80477,23455,704209,247
2020-09-25,280223,16913,306235,81050,23516,716481,248
2020-09-26,282730,17228,308104,81689,23611,716481,249
2020-09-27,284140,17444,309870,82174,23661,716481,250
2020-09-28,285332,17707,311364,82476,23699,748266,251
2020-09-29,287421,18123,313011,83003,23812,748266,252
2020-09-30,289219,18475,314861,83579,23889,769188,253
2020-10-01,291722,18886,317409,84212,23952,778607,254
2020-10-02,294395,19346,319908,84754,24027,789932,255
2020-10-03,296958,19613,322751,85328,24091,789932,256
2020-10-04,299237,19842,325329,85728,24164,789932,257
2020-10-05,300619,20142,327586,86007,24239,813412,258
2020-10-06,303258,20541,330263,86507,24353,825410,259
2020-10-07,306086,20947,333940,87013,24422,835901,260
2020-10-08,310144,21381,338398,87640,24476,848324,261
2020-10-09,314660,21772,343770,88243,24548,861112,262
2020-10-10,319381,22078,349494,88921,24606,861112,263
2020-10-11,322864,22358,354950,89357,24703,861112,264
2020-10-12,325331,22652,359569,89635,24805,888968,265
2020-10-13,329453,23060,365467,90133,24889,896086,266
2020-10-14,334585,23495,372799,90685,24988,908056,267
2020-10-15,341223,23947,381602,91393,25035,921374,268
2020-10-16,348557,24450,391611,92032,25108,936560,269
2020-10-17,356387,24932,402536,92655,25199,936560,270
2020-10-18,361974,25370,414241,93085,25275,936560,271
2020-10-19,366299,25802,423578,93401,25333,974449,272
2020-10-20,373167,26469,434449,93882,25424,988322,273
2020-10-21,380762,27334,449648,94497,25543,1005295,274
2020-10-22,392049,28216,465726,95113,25698,1026281,275
2020-10-23,403291,29057,484869,95858,25775,1046132,276
2020-10-24,418005,29992,504509,96584,25836,1046132,277
2020-10-25,429181,30782,525782,97077,25955,1046132,278
2020-10-26,437866,31496,542789,97487,26043,1098320,279
2020-10-27,449275,32752,564778,98133,26146,1116738,280
2020-10-28,464239,34299,589766,98864,26271,1136503,281
2020-10-29,481013,35510,616595,99672,26385,1160083,282
2020-10-30,499694,37196,647674,100446,26511,1185678,283
2020-10-31,518753,39251,679430,101323,26635,1185678,284
2020-11-01,532930,40929,709335,101936,26732,1185678,285
2020-11-02,545027,42080,731588,102423,26807,1240697,286
2020-11-03,560379,44246,759829,103288,26925,1259366,287
2020-11-04,577593,46892,790377,103912,27050,1284408,288
2020-11-05,597583,49807,824879,104960,27195,1306316,289
2020-11-06,619089,52254,862681,106103,27284,1328832,290
2020-11-07,642488,54809,902490,107436,27427,1328832,291
2020-11-08,658505,56698,935104,108386,27553,1328832,292
2020-11-09,671868,58187,960373,109166,27653,1381218,293
2020-11-10,687200,60570,995463,110449,27799,1381218,294
2020-11-11,705687,63321,1028424,111993,27942,1417709,295
2020-11-12,727553,66637,1066401,113652,28133,1437220,296
2020-11-13,751095,69675,1107303,115356,28338,1458591,297
2020-11-14,773556,72510,1144552,117091,28546,1458591,298
2020-11-15,790503,74205,1178529,118530,28769,1458591,299
2020-11-16,801327,76403,1205881,119480,28998,1496864,300
2020-11-17,815746,78825,1238072,121180,29311,1510023,301
2020-11-18,833307,82034,1272352,123374,29654,1525341,302
2020-11-19,855916,85261,1308528,125759,30017,1541574,303
2020-11-20,879564,87812,1345767,128180,30403,1556730,304
2020-11-21,902528,90121,1380531,130772,30733,1556730,305
2020-11-22,918269,91619,1408868,132931,31004,1556730,306
2020-11-23,929133,93006,1431795,134449,31353,1582616,307
2020-11-24,942687,95137,1455022,135678,31735,1594844,308
2020-11-25,961320,97288,1480874,137620,32318,1605066,309
2020-11-26,983588,99306,1509875,140120,32887,1617355,310
2020-11-27,1006394,101287,1538217,142651,33375,1628208,311
2020-11-28,1028089,103034,1564532,145326,33824,1628208,312
2020-11-29,1042700,104227,1585178,147388,34201,1628208,313
2020-11-30,1053869,105271,1601554,148824,34652,1648187,314
2020-12-01,1067473,107470,1620901,150857,35163,1656444,315
2020-12-02,1084743,109655,1641610,153289,35703,1665775,316
2020-12-03,1106789,111537,1664829,155806,36332,1675902,317
2020-12-04,1130238,113185,1688939,158258,36915,1684647,318
2020-12-05,1153556,114568,1709991,160766,37546,1684647,319
2020-12-06,1171323,115471,1728878,162804,38161,1684647,320
2020-12-07,1183655,116721,1742557,164335,38755,1702328,321
2020-12-08,1197709,118045,1757394,166511,39432,1702328,322
2020-12-09,1218524,119720,1770149,169321,40098,1712101,323
2020-12-10,1242203,121253,1787147,172290,40786,1720056,324
2020-12-11,1272078,122648,1805873,175085,41736,1730575,325
2020-12-12,1300516,123842,1825775,178122,42766,1730575,326
2020-12-13,1320716,124534,1843712,180505,43484,1730575,327
2020-12-14,1337078,125173,1855737,182186,44364,1751884,328
2020-12-15,1351510,126372,1870576,184612,45442,1762212,329
2020-12-16,1379238,127557,1888144,187608,46453,1773290,330
2020-12-17,1406161,128710,1906377,190817,47515,1785421,331
2020-12-18,1439938,129584,1921778,193654,48570,1797236,332
2020-12-19,1471238,130485,1938083,196643,49665,1797236,333
2020-12-20,1494009,131072,1953185,199134,50591,1797236,334
2020-12-21,1510652,131597,1964054,200945,51460,1819249,335
2020-12-22,1530180,132430,1977370,203639,52550,1829903,336
2020-12-23,1554920,133365,1991278,206915,53533,1842289,337
2020-12-24,1587115,134235,2009317,210661,54770,1854951,338
2020-12-25,1587115,134852,2028354,214493,55902,1854951,339
2020-12-26,1627103,135114,2038759,218378,56872,1854951,340
2020-12-27,1640858,135456,2047696,221322,57680,1854951,341
2020-12-28,1651834,135931,2056277,223719,58725,1879413,342
2020-12-29,1664726,136976,2067487,227346,59773,1893502,343
2020-12-30,1687185,137918,2083689,231217,60740,1910218,344
2020-12-31,1719737,138850,2107166,235749,61769,1928265,345
2021-01-01,1719737,139447,2129376,239005,62593,1928265,346
2021-01-02,1755351,139709,2141201,242076,63244,1928265,347
2021-01-03,1765666,140099,2155446,245242,64264,1928265,348
2021-01-04,1775513,140526,2166244,248585,64979,1958844,349
2021-01-05,1787410,141453,2181619,253534,65818,1982544,350
2021-01-06,1808647,142267,2201945,259583,66686,1982544,351
2021-01-07,1835038,142777,2220361,267225,67358,2024904,352
2021-01-08,1866887,143494,2237890,275182,67999,2050360,353
2021-01-09,1891581,144293,2257866,283036,68664,2050360,354
2021-01-10,1908527,144738,2276491,289144,69114,2050360,355
2021-01-11,1921024,145179,2289021,294050,69651,2111782,356
2021-01-12,1933826,146020,2303263,298647,70212,2137220,357
2021-01-13,1953426,146688,2319036,304564,70728,2176089,358
2021-01-14,1978590,147283,2336279,311220,71241,2211967,359
2021-01-15,2000958,147860,2352423,318393,71820,2252164,360
2021-01-16,2019636,148370,2368733,325435,72340,2252164,361
2021-01-17,2033518,148607,2381277,331195,72729,2252164,362
2021-01-18,2040659,148925,2390102,336132,73115,2336451,363
2021-01-19,2052028,149462,2400598,341467,73518,2370742,364
2021-01-20,2068002,149973,2414166,347029,73918,2412318,365
2021-01-21,2088400,150479,2428221,352693,74262,2456675,366
2021-01-22,2106262,151041,2441854,357750,74692,2499560,367
2021-01-23,2122679,151646,2455185,362476,75084,2499560,368
2021-01-24,2134936,151980,2466813,366466,75521,2499560,369
2021-01-25,2141665,152412,2475372,369229,75875,2593382,370
2021-01-26,2148077,153226,2485956,373082,76429,2629817,371
2021-01-27,2161275,154083,2501147,377056,76926,2670102,372
2021-01-28,2178828,154796,2515507,381187,77395,2705001,373
2021-01-29,2192850,155678,2529070,384725,77850,2743119,374
2021-01-30,2205171,156473,2541783,388067,78205,2743119,375
2021-01-31,2216363,156957,2553032,390740,78508,2743119,376
2021-02-01,2221971,157495,2560957,392533,78844,2822805,377
2021-02-02,2228085,158716,2570608,394857,79311,2851869,378
2021-02-03,2237790,159866,2583790,397491,79762,2883465,379
2021-02-04,2252001,160935,2597446,400069,80131,2913425,380
2021-02-05,2264909,162107,2611659,402439,80524,2941990,381
2021-02-06,2275394,163213,2625098,404716,80896,2941990,382
2021-02-07,2284010,163946,2636738,406346,81185,2941990,383
2021-02-08,2288545,164575,2644707,407563,81487,2989085,384
2021-02-09,2291924,166067,2655319,409131,81930,3005487,385
2021-02-10,2299996,167549,2668266,411017,82434,3023601,386
2021-02-11,2310233,168872,2683403,412707,82837,3041454,387
2021-02-12,2320093,170244,2697296,414007,83199,3056035,388
2021-02-13,2328447,171466,2710819,415367,83525,3056035,389
2021-02-14,2334561,172128,2721879,416729,83869,3056035,390
2021-02-15,2338987,172824,2729223,417694,84325,3086286,391
2021-02-16,2342843,173905,2739591,419002,84946,3096343,392
2021-02-17,2350399,174659,2751657,420450,85567,3107172,393
2021-02-18,2360606,176059,2765412,421986,86128,3121687,394
2021-02-19,2369719,177494,2780882,423287,86574,3133122,395
2021-02-20,2378883,178918,2795796,424520,86992,3133122,396
2021-02-21,2386559,179802,2809246,425552,87324,3133122,397
2021-02-22,2390928,180672,2818863,426292,87681,3153971,398
2021-02-23,2394811,182783,2832162,427373,88120,3161432,399
2021-02-24,2402818,184686,2848564,428294,88516,3170644,400
2021-02-25,2414687,186469,2868435,429370,88922,3180212,401
2021-02-26,2424684,188201,2888923,430424,89321,3188553,402
2021-02-27,2434446,189831,2907825,431637,89676,3188553,403
2021-02-28,2442336,191100,2925265,432636,90031,3188553,404
2021-03-01,2447068,192270,2938371,433334,90372,3204531,405
2021-03-02,2451011,194582,2955434,434222,90816,3130184,406
2021-03-03,2460030,197279,2976274,435465,91240,3136321,407
2021-03-04,2471942,199496,2999119,436634,91638,3142358,408
2021-03-05,2482522,201677,3023129,437782,92055,3149012,409
2021-03-06,2492079,203978,3046762,438825,92471,3149012,410
2021-03-07,2500182,205120,3067486,439896,92817,3149012,411
2021-03-08,2505193,206281,3081368,440496,93263,3160970,412
2021-03-09,2509445,209462,3101093,441623,93733,3164982,413
2021-03-10,2518591,212091,3123368,442936,94198,3172101,414
2021-03-11,2532947,214661,3149017,444253,94686,3178356,415
2021-03-12,2545781,217018,3175807,445524,95176,3183704,416
2021-03-13,2558455,219521,3201838,446843,95635,3183704,417
2021-03-14,2569245,221147,3223142,447830,96017,3183704,418
2021-03-15,2575849,222281,3238394,448525,96380,3195062,419
2021-03-16,2581329,223789,3258770,449658,96849,3200024,420
2021-03-17,2594764,227247,3281810,451191,97294,3206116,421
2021-03-18,2612268,230317,3306711,452688,97757,3212332,422
2021-03-19,2629750,233079,3332418,454151,98209,3212332,423
2021-03-20,2645783,235611,3356331,455667,98665,3212332,424
2021-03-21,2659516,237125,3376376,456785,99075,3212332,425
2021-03-22,2667225,238830,3400877,457601,99421,3228803,426
2021-03-23,2674710,242347,3419616,459101,99846,3234319,427
2021-03-24,2690523,245405,3440862,461018,100276,3234319,428
2021-03-25,2713180,247992,3464543,462933,100770,3247738,429
2021-03-26,2734753,249458,3488619,464958,101275,3255324,430
2021-03-27,2755225,252590,3512453,467029,101757,3255324,431
2021-03-28,2772401,254031,3532057,468811,102141,3255324,432
2021-03-29,2782273,255755,3544957,470156,102582,3270825,433
2021-03-30,2791822,260077,3561012,472243,103088,3275819,434
2021-03-31,2808873,263689,3584899,475086,103639,3284353,435
2021-04-01,2833173,267172,3607083,477691,104194,3291394,436
2021-04-02,2855061,270230,3629000,480445,104736,3291394,437
2021-04-03,2873190,273459,3650247,483217,105279,3300965,438
2021-04-04,2885386,275414,3668264,485684,105752,3300965,439
2021-04-05,2893883,277277,3678944,487255,106230,3311325,440
2021-04-06,2900768,281570,3686707,489921,106898,3317948,441
2021-04-07,2910445,285015,3700393,493369,107598,3326736,442
2021-04-08,2930852,288230,3717602,496865,108269,3336637,443
2021-04-09,2956316,290964,3736526,500353,108945,3347512,444
2021-04-10,2980413,293763,3754077,504118,109559,3347512,445
2021-04-11,2998268,295480,3769814,506954,110146,3347512,446
2021-04-12,3011513,297086,3779594,509058,110688,3370256,447
2021-04-13,3022323,301103,3793033,512510,111419,3376548,448
2021-04-14,3044016,304184,3809193,516817,112117,3387022,449
2021-04-15,3073442,308006,3826156,521386,112789,3396685,450
2021-04-16,3099273,311033,3842079,525910,113444,3407283,451
2021-04-17,3123077,313444,3857443,530703,114115,3407283,452
2021-04-18,3142262,315273,3870131,534787,114646,3407283,453
2021-04-19,3153699,316879,3878994,537690,115195,3428354,454
2021-04-20,3163308,320629,3891063,542040,115926,3428354,455
2021-04-21,3188192,323639,3904899,547326,116661,3446072,456
2021-04-22,3217710,326395,3920945,552818,117458,3456886,457
2021-04-23,3245253,329134,3935703,557922,118243,3468617,458
2021-04-24,3268645,331730,3949517,563517,118887,3468617,459
2021-04-25,3287418,333129,3962674,568116,119387,3468617,460
2021-04-26,3299325,334436,3971114,571430,119898,3488469,461
2021-04-27,3310301,337723,3981512,576391,120673,3496134,462
2021-04-28,3332532,340493,3994894,582174,121351,3504799,463
2021-04-29,3357268,342908,4009208,588087,122007,3514942,464
2021-04-30,3381597,345033,4022653,592771,122634,3524077,465
2021-05-01,3400532,346422,4035617,598754,123240,3524077,466
2021-05-02,3416822,346422,4044762,604644,123728,3524077,467
2021-05-03,3425982,348568,4050708,609108,124269,3540430,468
2021-05-04,3433516,349936,4059821,613298,124945,3544945,469
2021-05-05,3451550,352027,4070400,617358,125519,3551262,470
2021-05-06,3473503,355445,4082198,621728,126044,3559222,471
2021-05-07,3491988,358116,4092747,627778,126745,3567408,472
2021-05-08,3507673,360577,4102921,635016,127309,3567408,473
2021-05-09,3520329,362004,4111210,641500,127772,3567408,474
2021-05-10,3527251,363904,4116287,646440,128283,3581392,475
2021-05-11,3533376,367076,4123230,652675,128918,3586333,476
2021-05-12,3548285,369554,4131078,659726,129633,3592751,477
2021-05-13,3565704,371693,4139160,666600,130380,3598452,478
2021-05-14,3577040,373881,4146722,672862,131061,3604799,479
2021-05-15,3584934,375831,4153374,679279,131671,3604799,480
2021-05-16,3593434,377090,4159122,684535,132290,3604799,481
2021-05-17,3598846,378485,4162576,688212,132818,3615860,482
2021-05-18,3603055,381266,4167025,693436,133471,3619848,483
2021-05-19,3614095,383558,4172525,699227,134117,3625928,484
2021-05-20,3626393,385444,4178261,704939,134678,3631661,485
2021-05-21,3635162,387426,4183476,710184,135344,3636453,486
2021-05-22,3642244,388929,4188190,715219,135929,3636453,487
2021-05-23,3648958,389804,4192183,719258,136467,3636453,488
2021-05-24,3651640,391181,4194672,721969,136983,3647520,489
2021-05-25,3653551,393583,4197892,725861,137682,3652879,490
2021-05-26,3656177,395094,4201827,730394,138311,3657886,491
2021-05-27,3662490,396970,4205970,734526,138898,3663176,492
2021-05-28,3669870,398898,4209707,738229,139431,3668658,493
2021-05-29,3675296,400395,4213055,741822,139910,3668658,494
2021-05-30,3679148,401301,4216003,744696,140340,3668658,495
2021-05-31,3681126,402306,4217821,746487,140799,3678390,496
2021-06-01,3682911,404163,4220304,749126,141476,3682778,497
2021-06-02,3687828,405542,4223200,752160,142157,3687762,498
2021-06-03,3692468,406751,4225163,754991,142852,3693012,499
2021-06-04,3695633,407857,4227719,757583,143596,3697981,500
2021-06-05,3697927,408789,4230153,760233,144152,3697981,501
2021-06-06,3700367,409368,4232428,762253,144637,3697981,502
2021-06-07,3701484,410166,4233698,763533,145091,3707523,503
2021-06-08,3702688,411534,4235592,765414,145692,3711027,504
2021-06-09,3705942,412420,4237790,767652,146303,3715454,505
2021-06-10,3709129,413170,4239868,769694,146859,3729458,506
2021-06-11,3711569,413954,4241760,771628,147422,3733600,507
2021-06-12,3713480,414636,4243482,773569,147874,3733600,508
2021-06-13,3714969,414933,4244872,774951,148273,3733600,509
2021-06-14,3715518,415401,4245779,775884,148647,3741767,510
2021-06-15,3716170,416195,4247032,777301,149191,3745199,511
2021-06-16,3717625,416741,4248432,779008,149731,3749031,512
2021-06-17,3718955,417253,4249755,780558,150238,3753228,513
2021-06-18,3720031,417706,4250902,782178,150720,3757442,514
2021-06-19,3720031,418095,4252095,783696,151149,3757442,515
2021-06-20,3721981,418342,4252976,785002,151506,3757442,516
2021-06-21,3722327,418548,4253460,785870,151901,3764651,517
2021-06-22,3722782,418943,4254294,787305,152545,3768691,518
2021-06-23,3723798,419455,4255434,789085,153155,3773032,519
2021-06-24,3724806,419909,4255700,790759,153789,3777539,520
2021-06-25,3725580,420295,4256451,792469,154457,3782463,521
2021-06-26,3726172,420670,4257289,794100,155071,3782463,522
2021-06-27,3726710,420905,4258069,795382,155572,3782463,523
2021-06-28,3726929,421266,4258456,796383,156167,3792642,524
2021-06-29,3727333,421829,4259133,797763,156961,3799733,525
2021-06-30,3728141,422456,4259909,799583,157723,3808960,526
2021-07-01,3729033,423185,4260788,801337,158549,3821305,527
2021-07-02,3729682,424165,4261582,803112,159342,3833868,528
2021-07-03,3729682,425347,4262511,804990,160084,3833868,529
2021-07-04,3729682,425964,4263317,806475,160795,3833868,530
2021-07-05,3731124,426963,4263797,807504,161541,3866475,531
2021-07-06,3731564,429144,4264704,809172,162753,3880612,532
2021-07-07,3732549,430960,4265714,811361,164028,3897996,533
2021-07-08,3733519,433021,4267105,813607,165344,3915313,534
2021-07-09,3734468,435018,4268491,815883,166722,3937192,535
2021-07-10,3734468,437345,4269885,818341,168046,3937192,536
2021-07-11,3734468,438809,4271276,820371,169146,3937192,537
2021-07-12,3736489,440872,4272163,821876,170296,3971124,538
2021-07-13,3737135,444783,4273693,824260,171911,4015084,539
2021-07-14,3738683,447718,4275846,827452,173511,4041474,540
2021-07-15,3740325,450512,4278319,830870,175046,4069162,541
2021-07-16,3741781,453200,4281214,834303,176500,4100222,542
2021-07-17,3741781,455754,4284332,838189,177951,4100222,543
2021-07-18,3741781,457312,4287458,841290,179203,4100222,544
2021-07-19,3745227,459146,4289528,843618,180481,4161850,545
2021-07-20,3746410,463473,4293083,847377,182265,4189136,546
2021-07-21,3748613,466441,4297337,852326,184103,4219723,547
2021-07-22,3750503,469042,4302393,857725,185733,4249258,548
2021-07-23,3752592,471894,4307535,861959,187362,4280429,549
2021-07-24,3752592,474366,4312673,865553,188848,4280429,550
2021-07-25,3752592,475919,4317415,870592,190166,4280429,551
2021-07-26,3756856,477975,4320530,875301,191531,4342054,552
2021-07-27,3758401,482145,4325046,882971,193427,4368453,553
2021-07-28,3761169,485015,4330739,892599,195099,4395602,554
2021-07-29,3764311,487709,4336906,903351,196806,4422291,555
2021-07-30,3766765,490552,4343519,914182,198345,4447044,556
2021-07-31,3766765,493304,4350028,926604,199787,4447044,557
2021-08-01,3766765,494907,4355348,936852,201002,4447044,558
2021-08-02,3772109,497061,4358533,945330,202203,4502983,559
2021-08-03,3773875,501030,4363374,957431,203926,4523310,560
2021-08-04,3777446,503885,4369964,971743,205702,4545184,561
2021-08-05,3780985,506672,4377188,987060,207406,4566571,562
2021-08-06,3784433,509596,4383787,1002867,209228,4588132,563
2021-08-07,3784433,512342,4390684,1018688,210956,4588132,564
2021-08-08,3784433,514192,4396417,1033214,212448,4588132,565
2021-08-09,3791949,516785,4400617,1045392,213987,4627770,566
2021-08-10,3794429,521399,4406241,1056125,216206,4643450,567
2021-08-11,3799425,524871,4413162,1072153,218192,4660473,568
2021-08-12,3805063,528474,4420429,1091187,220182,4677883,569
2021-08-13,3810641,531967,4427827,1111683,222111,4693540,570
2021-08-14,3810641,535237,4435008,1131986,223928,4693540,571
2021-08-15,3810641,537125,4440669,1149874,225481,4693540,572
2021-08-16,3823139,539337,4444338,1164881,226854,4719266,573
2021-08-17,3827051,543749,4449606,1184986,228657,4733602,574
2021-08-18,3835375,547186,4456765,1209082,230808,4745558,575
2021-08-19,3843775,550459,4464005,1234423,232859,4758003,576
2021-08-20,3853055,554055,4471225,1260415,234739,4770453,577
2021-08-21,3853055,557239,4478691,1286077,236366,4770453,578
2021-08-22,3853055,559186,4484613,1308422,237782,4770453,579
2021-08-23,3871865,561812,4488779,1325346,239287,4794352,580
2021-08-24,3877612,566812,4494857,1347015,241439,4804424,581
2021-08-25,3889173,570077,4502396,1371426,243317,4815205,582
2021-08-26,3901799,573605,4509611,1396464,245158,4822320,583
2021-08-27,3913828,576672,4517434,1420783,246951,4831809,584
2021-08-28,3913828,579734,4524292,1443642,248568,4831809,585
2021-08-29,3913828,581315,4530246,1462979,250051,4831809,586
2021-08-30,3937106,583658,4534499,1476653,251421,4847298,587
2021-08-31,3942856,587964,4539991,1494372,253445,4855065,588
2021-09-01,3956387,590832,4546487,1514400,255401,4861883,589
2021-09-02,3970102,593668,4553241,1532616,257110,4871444,590
2021-09-03,3984353,596383,4559970,1549337,258913,4877755,591
2021-09-04,3984353,598667,4566126,1565351,260404,4877755,592
2021-09-05,3984353,599951,4571440,1578258,261778,4877755,593
2021-09-06,4010390,601716,4574787,1586482,263374,4887112,594
2021-09-07,4017116,605158,4579502,1597089,265423,4892640,595
2021-09-08,4030681,607356,4585423,1609477,267470,4898258,596
2021-09-09,4046112,609519,4590941,1619873,269362,4903021,597
2021-09-10,4059081,611648,4596558,1628732,271227,4907461,598
2021-09-11,4059081,613838,4601749,1637534,272982,4907461,599
2021-09-12,4059081,615157,4606413,1644747,274415,4907461,600
2021-09-13,4083151,616765,4609205,1648920,275910,4915265,601
2021-09-14,4089476,620355,4613214,1655199,277989,4918526,602
2021-09-15,4101931,622761,4618040,1662008,279930,4922249,603
2021-09-16,4114856,625083,4623155,1667699,281938,4926324,604
2021-09-17,4125878,627314,4627699,1672812,284022,4929546,605
2021-09-18,4125878,629498,4632275,1677512,285931,4929546,606
2021-09-19,4125878,630784,4636111,1680908,287536,4929546,607
2021-09-20,4145852,632908,4638516,1683129,289263,4935534,608
2021-09-21,4150516,636596,4641890,1684899,290983,4937984,609
2021-09-22,4160970,638921,4645853,1688142,292699,4940824,610
2021-09-23,4171666,641022,4649906,1691743,295132,4943855,611
2021-09-24,4181393,643055,4653696,1693838,298402,4946601,612
2021-09-25,4181393,644869,4657215,1696508,301172,4946601,613
2021-09-26,4181393,645969,4660314,1698644,303553,4946601,614
2021-09-27,4199400,648091,4662087,1699792,305842,4951640,615
2021-09-28,4203571,651378,4665049,1701514,308725,4953930,616
2021-09-29,4215351,653535,4668261,1703497,311289,4956691,617
2021-09-30,4227501,655767,4672355,1705072,313773,4959091,618
2021-10-01,4237619,658368,4675758,1706516,316020,4961128,619
2021-10-02,4237619,660166,4679067,1707759,318105,4961128,620
2021-10-03,4237619,661308,4682034,1708726,319777,4961128,621
2021-10-04,4255388,663433,4683646,1709325,321352,4965399,622
2021-10-05,4260187,666517,4686109,1710304,323379,4967200,623
2021-10-06,4271734,668811,4689341,1711429,325804,4969503,624
2021-10-07,4283378,671040,4692274,1712401,327976,4971310,625
2021-10-08,4293807,673317,4695291,1713228,329925,4973619,626
2021-10-09,4293807,675479,4698038,1714002,331519,4973619,627
2021-10-10,4293807,676799,4700316,1714555,332816,4973619,628
2021-10-11,4313384,679157,4701832,1714924,334163,4977448,629
2021-10-12,4318355,682394,4704318,1715531,335742,4977448,630
2021-10-13,4330258,684706,4707087,1716262,337679,4980206,631
2021-10-14,4342640,687278,4709753,1716879,339361,4982138,632
2021-10-15,4354158,689896,4712482,1717396,340978,4984386,633
2021-10-16,4354158,692197,4715464,1717896,342396,4984386,634
2021-10-17,4354158,693886,4717899,1718324,343445,4984386,635
2021-10-18,4377845,697033,4719493,1718554,344518,4988878,636
2021-10-19,4384616,700959,4722188,1718925,346088,4990767,637
2021-10-20,4401631,704211,4725887,1719313,347529,4993295,638
2021-10-21,4417708,707587,4729678,1719656,348969,4995176,639
2021-10-22,4437280,711128,4733557,1719980,350476,4997732,640
2021-10-23,4437280,714283,4737462,1720263,351899,4997732,641
2021-10-24,4437280,716358,4741185,1720495,353089,4997732,642
2021-10-25,4472730,720295,4743720,1720646,354355,5002217,643
2021-10-26,4483203,724571,4747773,1720956,356305,5004143,644
2021-10-27,4506415,728210,4752368,1721266,358412,5006675,645
2021-10-28,4534452,731167,4757231,1721539,360536,5008887,646
2021-10-29,4559120,734778,4762563,1721831,362639,5011148,647
2021-10-30,4559120,739448,4767440,1722115,364700,5011148,648
2021-10-31,4559120,742170,4771965,1722343,366386,5011148,649
2021-11-01,4607208,747595,4774783,1722427,367974,5011148,650
2021-11-02,4618021,754451,4777614,1722648,370640,5016968,651
2021-11-03,4638419,760592,4782802,1722912,373120,5019255,652
2021-11-04,4672368,767376,4788704,1723070,375464,5022546,653
2021-11-05,4709488,774265,4795465,1723295,377712,5025639,654
2021-11-06,4709488,780621,4802225,1723525,379935,5025639,655
2021-11-07,4709488,784904,4808047,1723682,381694,5025639,656
2021-11-08,4782546,792239,4812594,1723782,383407,5032056,657
2021-11-09,4804378,801208,4818705,1723976,385831,5032056,658
2021-11-10,4844054,808297,4826738,1724203,388351,5038517,659
2021-11-11,4894250,815068,4835435,1724418,390719,5042803,660
2021-11-12,4942890,821900,4843957,1724619,393042,5047156,661
2021-11-13,4942890,828032,4852496,1724813,395460,5047156,662
2021-11-14,4942890,831874,4860061,1724958,397466,5047156,663
2021-11-15,5045076,838824,4865260,1725036,399591,5056954,664
2021-11-16,5077124,847188,4873075,1725187,402775,5061045,665
2021-11-17,5129950,853841,4883242,1725391,406065,5067712,666
2021-11-18,5195321,861117,4893887,1725539,409099,5074027,667
2021-11-19,5248291,868868,4904441,1725692,412311,5080663,668
2021-11-20,5248291,874812,4915981,1725796,415425,5080663,669
2021-11-21,5248291,878920,4925688,1725953,418252,5080663,670
2021-11-22,5385585,886207,4932091,1726002,420950,5096538,671
2021-11-23,5430911,894555,4942135,1726113,425065,5103315,672
2021-11-24,5497795,901661,4954585,1726190,429002,5111842,673
2021-11-25,5573756,908222,4968341,1726309,432901,5121100,674
2021-11-26,5650170,914824,4982022,1726430,436968,5131012,675
2021-11-27,5650170,920683,4994891,1726555,440896,5131012,676
2021-11-28,5650170,924506,5007818,1726627,444200,5131012,677
2021-11-29,5791060,931183,5015790,1726709,447230,5153923,678
2021-11-30,5836813,938903,5028547,1726798,452350,5164184,679
2021-12-01,5903999,945095,5043620,1726913,457612,5174720,680
2021-12-02,5977208,951351,5060430,1727030,462555,5189220,681
2021-12-03,6051560,957552,5077445,1727188,467907,5202958,682
2021-12-04,6051560,962695,5094072,1727308,473034,5202958,683
2021-12-05,6051560,966221,5109082,1727412,477358,5202958,684
2021-12-06,6185961,971148,5118576,1727493,482310,5202958,685
2021-12-07,6222020,978402,5134318,1727604,489484,5246766,686
2021-12-08,6291621,984301,5152264,1727739,496584,5246766,687
2021-12-09,6362232,989814,5164780,1727893,503606,5273178,688
2021-12-10,6423520,994901,5185270,1728039,510583,5290273,689
2021-12-11,6423520,999652,5206305,1728176,517271,5290190,690
2021-12-12,6423520,1002877,5225517,1728311,523088,5290190,691
2021-12-13,6531606,1006706,5238221,1728388,528652,5339992,692
2021-12-14,6562429,1012659,5258886,1728527,536495,5366128,693
2021-12-15,6613730,1017445,5282076,1728686,544117,5393268,694
2021-12-16,6670407,1022141,5308180,1728861,551551,5422168,695
2021-12-17,6721375,1026902,5336795,1729048,558864,5455527,696
2021-12-18,6721375,1031239,5364852,1729248,565098,5455527,697
2021-12-19,6721375,1034070,5389155,1729421,570414,5455527,698
2021-12-20,6809622,1037759,5405360,1729555,575615,5535231,699
2021-12-21,6833050,1044301,5436143,1729814,583065,5585054,700
2021-12-22,6878709,1049936,5472469,1730065,589978,5645095,701
2021-12-23,6923636,1056583,5517054,1730353,596209,5718007,702
2021-12-24,6923636,1064243,5567644,1730699,602045,5718007,703
2021-12-25,6923636,1070833,5622431,1731018,607463,5718007,704
2021-12-26,6923636,1074869,5647313,1731281,611670,5718007,705
2021-12-27,7005289,1084153,5678112,1731495,615532,5932626,706
2021-12-28,7026369,1105885,5756412,1731808,620938,6032297,707
2021-12-29,7066412,1134713,5854428,1732275,625967,6133057,708
2021-12-30,7109182,1170293,5981428,1732810,630838,6294745,709
2021-12-31,7109182,1210853,6125683,1733307,635253,6294745,710
2022-01-01,7109182,1240862,6266939,1733835,639083,6294745,711
2022-01-02,7109182,1258495,6328076,1734463,642207,6294745,712
2022-01-03,7109182,1294741,6396110,1735244,645226,6667511,713
2022-01-04,7238408,1344923,6566947,1736510,649669,6785286,714
2022-01-05,7297320,1388309,6756035,1738998,653792,6922466,715
2022-01-06,7361660,1422020,6975465,1743442,657508,6922466,716
2022-01-07,7417995,1451354,7083762,1749686,661015,7164906,717
2022-01-08,7417995,1489024,7281297,1758297,664391,7164906,718
2022-01-09,7417995,1507616,7436939,1766539,667390,7164906,719
2022-01-10,7535691,1535382,7554344,1772969,670483,7457300,720
2022-01-11,7581381,1568215,7774863,1779343,674868,7592242,721
2022-01-12,7661811,1592460,7971068,1792578,679030,7771367,722
2022-01-13,7743228,1612869,8155645,1811255,683566,7930528,723
2022-01-14,7835451,1632641,8356514,1833475,687984,8093036,724
2022-01-15,7835451,1650088,8549450,1859208,692174,8093036,725
2022-01-16,7835451,1660871,8706915,1884687,696032,8093036,726
2022-01-17,8000122,1679705,8790302,1905685,700102,8424503,727
2022-01-18,8074527,1703396,9018425,1938027,705902,8518975,728
2022-01-19,8186850,1723496,9219391,1979505,712503,8676916,729
2022-01-20,8320386,1742363,9418256,2025683,719269,8834363,730
2022-01-21,8460546,1762870,9603856,2075528,726274,8975458,731
2022-01-22,8460546,1781203,9781191,2129939,733902,8975458,732
2022-01-23,8460546,1793311,9923678,2179922,741413,8975458,733
2022-01-24,8744840,1812384,10001344,2224761,749979,9280890,734
2022-01-25,8871795,1830263,10212621,2287375,762983,9395767,735
2022-01-26,9035795,1848223,10383561,2358972,777497,9529320,736
2022-01-27,9238931,1867935,10539601,2437984,793582,9660208,737
2022-01-28,9429079,1890296,10683948,2519772,811122,9779130,738
2022-01-29,9429079,1909880,10821375,2604661,828637,9779130,739
2022-01-30,9429079,1920992,10925485,2682767,845709,9779130,740
2022-01-31,9815533,1940723,10983116,2743726,864042,9961253,741
2022-02-01,9978146,1965719,11116422,2825414,884310,10039126,742
2022-02-02,10186644,1984544,11235745,2920300,907214,10125348,743
2022-02-03,10422764,2002206,11348701,3024742,934656,10199716,744
2022-02-04,10671602,2020846,11449601,3122919,971018,10199716,745
2022-02-05,10671602,2036869,11542793,3225194,1009688,10199716,746
2022-02-06,10671602,2047849,11621736,3315180,1044963,10199716,747
2022-02-07,11117857,2066696,11663338,3383184,1081681,10395471,748
2022-02-08,11287428,2090383,11765767,3484368,1131239,10439302,749
2022-02-09,11521678,2109999,11847436,3582167,1185361,10502141,750
2022-02-10,11769540,2129153,11923631,3681890,1239287,10555196,751
2022-02-11,12009712,2146798,11991109,3780239,1294205,10604200,752
2022-02-12,12009712,2163240,12053330,3848672,1350630,10604200,753
2022-02-13,12009712,2174093,12105675,3926107,1405246,10604200,754
2022-02-14,12421126,2194453,12134451,3986217,1462421,10672906,755
2022-02-15,12580343,2216411,12205474,4070412,1552851,10707286,756
2022-02-16,12800315,2235920,12265343,4161342,1645978,10744394,757
2022-02-17,13035941,2255421,12323398,4256522,1755806,10778607,758
2022-02-18,13255989,2274025,12377098,4344220,1858009,10809222,759
2022-02-19,13255989,2289330,12427773,4425739,1962837,10809222,760
2022-02-20,13255989,2298926,12469975,4497233,2058184,10809222,761
2022-02-21,13636993,2317014,12494459,4549142,2157734,10858000,762
2022-02-22,13762895,2336615,12554596,4618759,2329182,10880193,763
2022-02-23,13971947,2353577,12603758,4699110,2499188,10914105,764
2022-02-24,14188269,2369396,12651251,4760332,2665077,10949997,765
2022-02-25,14399012,2385304,12693320,4825972,2831283,10977524,766
2022-02-26,14399012,2397187,12732680,4898120,2994841,10977524,767
2022-02-27,14399012,2405401,12764558,4961816,3134456,10977524,768
2022-02-28,14745107,2421664,12782836,5012908,3273449,10977524,769
2022-03-01,14867218,2438872,12829972,5078276,3492686,11036085,770
2022-03-02,15053624,2454429,12867918,5150876,3691488,11054888,771
2022-03-03,15264297,2470212,12910506,5221144,3958326,11078028,772
2022-03-04,15481890,2486262,12948859,5284831,4212652,11100428,773
2022-03-05,15481890,2499259,12990223,5348422,4456264,11100428,774
2022-03-06,15481890,2508472,13026112,5402455,4666977,11100428,775
2022-03-07,15869417,2517111,13048774,5439457,4869691,11136425,776
2022-03-08,15869417,2538168,13109527,5493395,5212118,11159574,777
2022-03-09,16242070,2561503,13159342,5557262,5539650,11181510,778
2022-03-10,16504822,2583366,13214498,5618325,5822626,11204125,779
2022-03-11,16757658,2604626,13268459,5674311,6206277,11223974,780
2022-03-12,16757658,2623628,13323179,5729537,6556453,11223974,781
2022-03-13,16757658,2635614,13373207,5780484,6866222,11223974,782
2022-03-14,17233729,2658296,13402905,5812843,7228550,11223974,783
2022-03-15,17432617,2684916,13489319,5863778,7629275,11260040,784
2022-03-16,17695210,2708610,13563466,5921690,8250592,11260040,785
2022-03-17,17990141,2732866,13645834,5975168,8657609,11260040,786
2022-03-18,18287986,2756487,13724411,6024350,9038938,11324637,787
2022-03-19,18287986,2776192,13800179,6068943,9373646,11324637,788
2022-03-20,18287986,2788654,13861743,6108503,9582815,11324637,789
2022-03-21,18772331,2812182,13895188,6136069,9936540,11324637,790
2022-03-22,18994411,2838891,13992092,6156221,10427247,11378784,791
2022-03-23,19278143,2861993,14070450,6197583,10822836,11378784,792
2022-03-24,19596530,2884100,14153098,6247334,11162232,11378784,793
2022-03-25,19893028,2900334,14229495,6294771,11497711,11451676,794
2022-03-26,19893028,2916892,14304111,6342100,11815841,11451676,795
2022-03-27,19893028,2930321,14364723,6385448,12003054,11451676,796
2022-03-28,20323779,2957810,14396283,6415168,12350428,11451676,797
2022-03-29,20561131,2986882,14496579,6459761,12774956,11508309,798
2022-03-30,20829608,3009333,14567990,6513370,13095631,11508309,799
2022-03-31,21104509,3030429,14642354,6565019,13375818,11508309,800
